student_id,initial_activity,final_activity,changed_initial_to_final
10011,Advanced Practice,Advanced Practice,False
10024,Application Exercise,Critical Thinking Activity,True
10026,Application Exercise,Application Exercise,False
10031,Application Exercise,Application Exercise,False
10040,Application Exercise,Concept Review,True
10045,Application Exercise,Application Exercise,False
10055,Concept Review,Concept Review,False
10056,Application Exercise,Application Exercise,False
10060,Application Exercise,Application Exercise,False
10061,Advanced Practice,Advanced Practice,False
10064,Application Exercise,Application Exercise,False
10067,Application Exercise,Application Exercise,False
10068,Advanced Practice,Advanced Practice,False
10071,Application Exercise,Application Exercise,False
10073,Concept Review,Concept Review,False
10077,Concept Review,Concept Review,False
10079,Advanced Practice,Advanced Practice,False
10087,Concept Review,Concept Review,False
10089,Advanced Practice,Advanced Practice,False
10097,Application Exercise,Application Exercise,False
10102,Application Exercise,Application Exercise,False
10108,Application Exercise,Application Exercise,False
10111,Advanced Practice,Advanced Practice,False
10121,Concept Review,Concept Review,False
10137,Application Exercise,Application Exercise,False
10138,Advanced Practice,Advanced Practice,False
10140,Advanced Practice,Advanced Practice,False
10159,Advanced Practice,Advanced Practice,False
10169,Concept Review,Concept Review,False
10175,Advanced Practice,Advanced Practice,False
10185,Application Exercise,Application Exercise,False
10199,Advanced Practice,Concept Review,True
10200,Advanced Practice,Advanced Practice,False
10209,Advanced Practice,Advanced Practice,False
10210,Advanced Practice,Advanced Practice,False
10211,Application Exercise,Concept Review,True
10214,Application Exercise,Application Exercise,False
10216,Concept Review,Concept Review,False
10219,Practice Questions,Practice Questions,False
10222,Application Exercise,Concept Review,True
10236,Advanced Practice,Advanced Practice,False
10238,Advanced Practice,Advanced Practice,False
10245,Advanced Practice,Advanced Practice,False
10248,Application Exercise,Application Exercise,False
10255,Application Exercise,Application Exercise,False
10257,Practice Questions,Advanced Practice,True
10260,Application Exercise,Application Exercise,False
10261,Advanced Practice,Advanced Practice,False
10262,Application Exercise,Application Exercise,False
10266,Concept Review,Concept Review,False
10276,Application Exercise,Application Exercise,False
10278,Advanced Practice,Advanced Practice,False
10281,Advanced Practice,Advanced Practice,False
10282,Advanced Practice,Advanced Practice,False
10290,Advanced Practice,Advanced Practice,False
10293,Concept Review,Concept Review,False
10295,Advanced Practice,Advanced Practice,False
10297,Concept Review,Concept Review,False
10299,Advanced Practice,Advanced Practice,False
10300,Concept Review,Concept Review,False
10308,Advanced Practice,Advanced Practice,False
10310,Application Exercise,Application Exercise,False
10311,Concept Review,Advanced Practice,True
10313,Application Exercise,Application Exercise,False
10315,Application Exercise,Application Exercise,False
10319,Practice Questions,Practice Questions,False
10320,Application Exercise,Application Exercise,False
10322,Application Exercise,Application Exercise,False
10328,Critical Thinking Activity,Critical Thinking Activity,False
10329,Application Exercise,Application Exercise,False
10333,Concept Review,Concept Review,False
10347,Concept Review,Concept Review,False
10352,Application Exercise,Application Exercise,False
10356,Application Exercise,Practice Questions,True
10362,Application Exercise,Application Exercise,False
10364,Advanced Practice,Advanced Practice,False
10366,Concept Review,Concept Review,False
10371,Advanced Practice,Advanced Practice,False
10372,Application Exercise,Application Exercise,False
10378,Application Exercise,Application Exercise,False
10383,Application Exercise,Application Exercise,False
10409,Advanced Practice,Advanced Practice,False
10412,Advanced Practice,Advanced Practice,False
10426,Application Exercise,Application Exercise,False
10430,Application Exercise,Application Exercise,False
10433,Application Exercise,Application Exercise,False
10437,Advanced Practice,Advanced Practice,False
10440,Application Exercise,Application Exercise,False
10446,Advanced Practice,Advanced Practice,False
10452,Application Exercise,Application Exercise,False
10463,Advanced Practice,Advanced Practice,False
10480,Application Exercise,Application Exercise,False
10487,Advanced Practice,Advanced Practice,False
10494,Advanced Practice,Advanced Practice,False
10495,Application Exercise,Application Exercise,False
10500,Concept Review,Application Exercise,True
10514,Advanced Practice,Advanced Practice,False
10522,Application Exercise,Application Exercise,False
10523,Practice Questions,Practice Questions,False
10527,Application Exercise,Application Exercise,False
10528,Application Exercise,Application Exercise,False
10529,Practice Questions,Practice Questions,False
10530,Advanced Practice,Advanced Practice,False
10535,Application Exercise,Application Exercise,False
10543,Application Exercise,Application Exercise,False
10544,Advanced Practice,Advanced Practice,False
10549,Advanced Practice,Advanced Practice,False
10550,Application Exercise,Application Exercise,False
10555,Application Exercise,Application Exercise,False
10560,Advanced Practice,Advanced Practice,False
10571,Advanced Practice,Advanced Practice,False
10579,Advanced Practice,Advanced Practice,False
10584,Practice Questions,Practice Questions,False
10585,Application Exercise,Application Exercise,False
10590,Concept Review,Concept Review,False
10591,Application Exercise,Application Exercise,False
10596,Critical Thinking Activity,Critical Thinking Activity,False
10600,Application Exercise,Application Exercise,False
10602,Application Exercise,Application Exercise,False
10605,Critical Thinking Activity,Application Exercise,True
10614,Advanced Practice,Advanced Practice,False
10618,Practice Questions,Practice Questions,False
10622,Advanced Practice,Advanced Practice,False
10627,Application Exercise,Application Exercise,False
10636,Advanced Practice,Advanced Practice,False
10637,Application Exercise,Application Exercise,False
10644,Application Exercise,Application Exercise,False
10645,Advanced Practice,Advanced Practice,False
10650,Advanced Practice,Advanced Practice,False
10651,Practice Questions,Practice Questions,False
10653,Application Exercise,Critical Thinking Activity,True
10657,Concept Review,Concept Review,False
10661,Application Exercise,Application Exercise,False
10663,Application Exercise,Application Exercise,False
10669,Concept Review,Application Exercise,True
10671,Practice Questions,Practice Questions,False
10678,Advanced Practice,Advanced Practice,False
10679,Application Exercise,Application Exercise,False
10680,Application Exercise,Application Exercise,False
10688,Application Exercise,Application Exercise,False
10690,Application Exercise,Application Exercise,False
10693,Application Exercise,Application Exercise,False
10698,Concept Review,Concept Review,False
10714,Advanced Practice,Advanced Practice,False
10715,Advanced Practice,Advanced Practice,False
10717,Application Exercise,Application Exercise,False
10722,Application Exercise,Application Exercise,False
10738,Application Exercise,Application Exercise,False
10741,Application Exercise,Application Exercise,False
10742,Application Exercise,Concept Review,True
10750,Application Exercise,Application Exercise,False
10754,Advanced Practice,Advanced Practice,False
10762,Advanced Practice,Advanced Practice,False
10765,Advanced Practice,Advanced Practice,False
10768,Application Exercise,Application Exercise,False
10788,Critical Thinking Activity,Critical Thinking Activity,False
10801,Advanced Practice,Advanced Practice,False
10803,Application Exercise,Application Exercise,False
10811,Concept Review,Concept Review,False
10812,Application Exercise,Application Exercise,False
10817,Advanced Practice,Advanced Practice,False
10821,Application Exercise,Application Exercise,False
10823,Application Exercise,Application Exercise,False
10824,Application Exercise,Application Exercise,False
10827,Application Exercise,Application Exercise,False
10830,Concept Review,Concept Review,False
10838,Advanced Practice,Advanced Practice,False
10846,Advanced Practice,Advanced Practice,False
10850,Application Exercise,Application Exercise,False
10860,Concept Review,Concept Review,False
10866,Application Exercise,Application Exercise,False
10867,Application Exercise,Application Exercise,False
10868,Application Exercise,Application Exercise,False
10880,Application Exercise,Application Exercise,False
10884,Application Exercise,Application Exercise,False
10885,Advanced Practice,Advanced Practice,False
10893,Advanced Practice,Advanced Practice,False
10894,Application Exercise,Application Exercise,False
10900,Concept Review,Concept Review,False
10902,Application Exercise,Application Exercise,False
10903,Application Exercise,Application Exercise,False
10915,Practice Questions,Practice Questions,False
10918,Application Exercise,Application Exercise,False
10925,Practice Questions,Practice Questions,False
10937,Application Exercise,Application Exercise,False
10939,Practice Questions,Practice Questions,False
10942,Advanced Practice,Advanced Practice,False
10943,Advanced Practice,Advanced Practice,False
10948,Advanced Practice,Advanced Practice,False
10949,Application Exercise,Application Exercise,False
10960,Advanced Practice,Advanced Practice,False
10974,Concept Review,Concept Review,False
10975,Advanced Practice,Advanced Practice,False
10978,Advanced Practice,Advanced Practice,False
10979,Application Exercise,Application Exercise,False
10986,Application Exercise,Application Exercise,False
10987,Application Exercise,Application Exercise,False
10990,Advanced Practice,Advanced Practice,False
10996,Concept Review,Concept Review,False
10999,Critical Thinking Activity,Critical Thinking Activity,False
